label,layers,nodes,training_hours,test_mse
2 layers 50 nodes,2,50,0.5939905894080555,4.6392214940169654e-07
3 layers 100 nodes,3,100,0.9491263165433333,8.965069945588766e-08
